Skybags Brat Black 46 Cms Casual Backpack,Skybags Brat Black 46 Cms Casual Backpack,Skybags Brat Black 46 Cms Casual Backpack,B08Z1HHHTD,Skybags Brat Black 46 Cms Casual Backpack,B08Z1HHHTD,Skybags Brat Black 46 Cms Casual Backpack,B08Z1HHHTD,Skybags Brat Black 46 Cms Casual Backpack,B08Z1HHHTD,Skybags Brat Black 46 Cms Casual Backpack,B08Z1HHHTD,<a class="a-link-normal" href="/stores/Skybags/page/F3B93F21-D019-418C-BD12-E83FD4E785F2?ref_=ast_bln" id="bylineInfo">Visit the Skybags Store</a>,NA,
TRUE HUMAN EMPEROR® Anti-Theft backpack With USB charging Port Laptop bag/Office bag/college bag/travel bag with anti -theft back pocket (LEGEND),B09QJ7ZF2Y,<a class="a-link-normal" href="/stores/+TRUE+HUMAN/page/165F5E7E-F3CC-4FDF-B73D-E885C70F4544?ref_=ast_bln" id="bylineInfo">Visit the TRUE HUMAN Store</a>,NA,
Skybags Brat Black 46 Cms Casual Backpack,B08Z1HHHTD,Visit the Skybags Store,NA,
TRUE HUMAN EMPEROR® Anti-Theft backpack With USB charging Port Laptop bag/Office bag/college bag/travel bag with anti -theft back pocket (LEGEND),B09QJ7ZF2Y,Visit the TRUE HUMAN Store,NA,
Skybags Brat Black 46 Cms Casual Backpack,B08Z1HHHTD,Skybags Store,NA,
TRUE HUMAN EMPEROR® Anti-Theft backpack With USB charging Port Laptop bag/Office bag/college bag/travel bag with anti -theft back pocket (LEGEND),B09QJ7ZF2Y,TRUE HUMAN Store,NA,
Skybags Brat Black 46 Cms Casual Backpack,B08Z1HHHTD,Skybags Store,NA,
TRUE HUMAN EMPEROR® Anti-Theft backpack With USB charging Port Laptop bag/Office bag/college bag/travel bag with anti -theft back pocket (LEGEND),B09QJ7ZF2Y,TRUE HUMAN Store,NA,
Skybags Brat Black 46 Cms Casual Backpack,B08Z1HHHTD,Skybags Store,Ideal for a college student who does not carry a lot of books or laptop to college. Very stylish, slim and feature loaded Backpack,
TRUE HUMAN EMPEROR® Anti-Theft backpack With USB charging Port Laptop bag/Office bag/college bag/travel bag with anti -theft back pocket (LEGEND),B09QJ7ZF2Y,TRUE HUMAN Store,Description not Found,
Skybags Brat Black 46 Cms Casual Backpack,NA,B08Z1HHHTD,Skybags Store,Ideal for a college student who does not carry a lot of books or laptop to college. Very stylish, slim and feature loaded Backpack,
TRUE HUMAN EMPEROR® Anti-Theft backpack With USB charging Port Laptop bag/Office bag/college bag/travel bag with anti -theft back pocket (LEGEND),NA,B09QJ7ZF2Y,TRUE HUMAN Store,Description not Found,
Skybags Brat Black 46 Cms Casual Backpack,NA,B08Z1HHHTD,Skybags Store,Ideal for a college student who does not carry a lot of books or laptop to college. Very stylish, slim and feature loaded Backpack,
TRUE HUMAN EMPEROR® Anti-Theft backpack With USB charging Port Laptop bag/Office bag/college bag/travel bag with anti -theft back pocket (LEGEND),NA,B09QJ7ZF2Y,TRUE HUMAN Store,Description not Found,
TRUE HUMAN EMPEROR® Anti-Theft backpack With USB charging Port Laptop bag/Office bag/college bag/travel bag with anti -theft back pocket (LEGEND),NA,B09QJ7ZF2Y,TRUE HUMAN Store,Description not Found,
Skybags Brat Black 46 Cms Casual Backpack,NA,B08Z1HHHTD,Skybags Store,Ideal for a college student who does not carry a lot of books or laptop to college. Very stylish, slim and feature loaded Backpack,
TRUE HUMAN EMPEROR® Anti-Theft backpack With USB charging Port Laptop bag/Office bag/college bag/travel bag with anti -theft back pocket (LEGEND),NA,B09QJ7ZF2Y,TRUE HUMAN Store,Description not Found,
TRUE HUMAN EMPEROR® Anti-Theft backpack With USB charging Port Laptop bag/Office bag/college bag/travel bag with anti -theft back pocket (LEGEND),NA,B09QJ7ZF2Y,TRUE HUMAN Store,Description not Found,
Skybags Brat Black 46 Cms Casual Backpack,NA,B08Z1HHHTD,Skybags Store,Ideal for a college student who does not carry a lot of books or laptop to college. Very stylish, slim and feature loaded Backpack,
TRUE HUMAN EMPEROR® Anti-Theft backpack With USB charging Port Laptop bag/Office bag/college bag/travel bag with anti -theft back pocket (LEGEND),NA,B09QJ7ZF2Y,TRUE HUMAN Store,Description not Found,
TRUE HUMAN EMPEROR® Anti-Theft backpack With USB charging Port Laptop bag/Office bag/college bag/travel bag with anti -theft back pocket (LEGEND),NA,B09QJ7ZF2Y,TRUE HUMAN Store,Description not Found,
Skybags Brat Black 46 Cms Casual Backpack,NA,B08Z1HHHTD,Skybags Store,Ideal for a college student who does not carry a lot of books or laptop to college. Very stylish, slim and feature loaded Backpack,
TRUE HUMAN EMPEROR® Anti-Theft backpack With USB charging Port Laptop bag/Office bag/college bag/travel bag with anti -theft back pocket (LEGEND),NA,B09QJ7ZF2Y,TRUE HUMAN Store,Description not Found,
TRUE HUMAN EMPEROR® Anti-Theft backpack With USB charging Port Laptop bag/Office bag/college bag/travel bag with anti -theft back pocket (LEGEND),NA,B09QJ7ZF2Y,TRUE HUMAN Store,Description not Found,
Skybags Brat Black 46 Cms Casual Backpack,NA,B08Z1HHHTD,Skybags Store,Ideal for a college student who does not carry a lot of books or laptop to college. Very stylish, slim and feature loaded Backpack,
TRUE HUMAN EMPEROR® Anti-Theft backpack With USB charging Port Laptop bag/Office bag/college bag/travel bag with anti -theft back pocket (LEGEND),NA,B09QJ7ZF2Y,TRUE HUMAN Store,Description not Found,
TRUE HUMAN EMPEROR® Anti-Theft backpack With USB charging Port Laptop bag/Office bag/college bag/travel bag with anti -theft back pocket (LEGEND),NA,B09QJ7ZF2Y,TRUE HUMAN Store,Description not Found,
Skybags Brat Black 46 Cms Casual Backpack,  Care Instructions: Hand Wash Only    Combination of functional & safety features in stylish design, Soft mesh back with 8 mm foam padded 2 Main Compartment, 1 Slip In Pocket inside the bag, Printed Design, Mesh bottle holder on the side,    Water Resistance Level: Not Water Resistant    Size: 35 x 13 x 46 cms   ,B08Z1HHHTD,Skybags Store,Ideal for a college student who does not carry a lot of books or laptop to college. Very stylish, slim and feature loaded Backpack,
TRUE HUMAN EMPEROR® Anti-Theft backpack With USB charging Port Laptop bag/Office bag/college bag/travel bag with anti -theft back pocket (LEGEND),  Care Instructions: Hand Wash Only    Ease of Access-Multi purpose pockets Super sorted stuff It has a vibrant and stylish design, along with the added benefit of spacious interiors.    Anti - Theft Pocket-Hidden storage pocket for important documents like passports, tickets, cash while on the go.    Integrated Fast charging port-Unique pre-fitted USB port helps you to easily connect your phone or any other device with your power bank. Charging system for smart devices , with free USB (power bank not included )    Care Instructions: Wipe with Dry Cloth    Superior & Durability: Made of durable and Eco-friendly water resistant oxford textile fabric,which keeps your files and stuffs dry inside. This backpack can hold up to 15.6" laptop from most brands, but it may not be suitable for all brand 15.6". Since there maybe exist slight size difference among different laptop brands.   ,B09QJ7ZF2Y,TRUE HUMAN Store,Description not Found,
TRUE HUMAN EMPEROR® Anti-Theft backpack With USB charging Port Laptop bag/Office bag/college bag/travel bag with anti -theft back pocket (LEGEND),  Care Instructions: Hand Wash Only    Ease of Access-Multi purpose pockets Super sorted stuff It has a vibrant and stylish design, along with the added benefit of spacious interiors.    Anti - Theft Pocket-Hidden storage pocket for important documents like passports, tickets, cash while on the go.    Integrated Fast charging port-Unique pre-fitted USB port helps you to easily connect your phone or any other device with your power bank. Charging system for smart devices , with free USB (power bank not included )    Care Instructions: Wipe with Dry Cloth    Superior & Durability: Made of durable and Eco-friendly water resistant oxford textile fabric,which keeps your files and stuffs dry inside. This backpack can hold up to 15.6" laptop from most brands, but it may not be suitable for all brand 15.6". Since there maybe exist slight size difference among different laptop brands.   ,B09QJ7ZF2Y,TRUE HUMAN Store,Description not Found,
NA,NA,NA,NA,NA,NA,NA,NA,VISMIINTREND Fashion Leather Backpack Handbags Purse Bags with Shoulder Belt for Women and Girls | Travel | Back | College | Work | Gift | 13.5 Inch Laptop Bag | Rakhi Gifts for Sisters | Wife,  Care Instructions: Wipe with Damp Cloth    Fashion Backpacks for Women/Girls : Vismiintrend Backpack Handbags for Women is made of high quality water resistant soft PU leather, metal accessories and fabric lining, which is luxurious in looks and durable; Bags for Women; Bags for Girls;    Vegan Leather Bags for Women/Girl : Back Zipper Closure, Anti-theft pocket, Water resistant Backpack; 1 main zipper compartment with 1 interior zipper pocket and 1 interior slot pockets, 2 side pockets and 1 front zipper pocket; earphone hole for easy use; Perfect for casual; travel, shopping, tuition, college bags for girls; work bag for women;    Size: : 29 x (W) 11 x (H) 30 CM, 450 Grams.Fits Daily Essentials like Lunch Box, Wallet, Mobile, Umbrella, Water Bottle, Cosmetics, Books, 13.5 inch Laptop, etc; Lightweight; Waterproof; Comfortable to carry everywhere you want;Gift for Women; Rakhi Gift for Sisters; Gift for Sister; Gift for Wife; College Bags for Women; College Bag for for Girls; Office Bags for Women;    3 way Carry : You can carry it as a single Shoulder Bag or Back Bag or Tote Purse as there is a removable short shoulder strap; Convertible; Small Travel Purse for Women; Bagpack for Girls; Bagpack for Women; Backpack Purses for Women;    Made in India ; Color Olive Green; Opal Black; Tan Brown; Coffee Brown; Grey; Blue; Wine;Blush Pink; Bags for girls, Bags for Women; Rakhi Gift for Sisters; Gifts for women; 13 Inch Laptop bag for women ; Stylish bagpack; Office Bags for Women;   ,B0B2RNKSMG,VISMIINTREND Store,Description not Found,
VISMIINTREND Fashion Leather Backpack Handbags Purse Bags with Shoulder Belt for Women and Girls | Travel | Back | College | Work | Gift | 13.5 Inch Laptop Bag | Rakhi Gifts for Sisters | Wife,  Care Instructions: Wipe with Damp Cloth    Fashion Backpacks for Women/Girls : Vismiintrend Backpack Handbags for Women is made of high quality water resistant soft PU leather, metal accessories and fabric lining, which is luxurious in looks and durable; Bags for Women; Bags for Girls;    Vegan Leather Bags for Women/Girl : Back Zipper Closure, Anti-theft pocket, Water resistant Backpack; 1 main zipper compartment with 1 interior zipper pocket and 1 interior slot pockets, 2 side pockets and 1 front zipper pocket; earphone hole for easy use; Perfect for casual; travel, shopping, tuition, college bags for girls; work bag for women;    Size: : 29 x (W) 11 x (H) 30 CM, 450 Grams.Fits Daily Essentials like Lunch Box, Wallet, Mobile, Umbrella, Water Bottle, Cosmetics, Books, 13.5 inch Laptop, etc; Lightweight; Waterproof; Comfortable to carry everywhere you want;Gift for Women; Rakhi Gift for Sisters; Gift for Sister; Gift for Wife; College Bags for Women; College Bag for for Girls; Office Bags for Women;    3 way Carry : You can carry it as a single Shoulder Bag or Back Bag or Tote Purse as there is a removable short shoulder strap; Convertible; Small Travel Purse for Women; Bagpack for Girls; Bagpack for Women; Backpack Purses for Women;    Made in India ; Color Olive Green; Opal Black; Tan Brown; Coffee Brown; Grey; Blue; Wine;Blush Pink; Bags for girls, Bags for Women; Rakhi Gift for Sisters; Gifts for women; 13 Inch Laptop bag for women ; Stylish bagpack; Office Bags for Women;   ,B0B2RNKSMG,VISMIINTREND Store,Description not Found,
VISMIINTREND Fashion Leather Backpack Handbags Purse Bags with Shoulder Belt for Women and Girls | Travel | Back | College | Work | Gift | 13.5 Inch Laptop Bag | Rakhi Gifts for Sisters | Wife,  Care Instructions: Wipe with Damp Cloth    Fashion Backpacks for Women/Girls : Vismiintrend Backpack Handbags for Women is made of high quality water resistant soft PU leather, metal accessories and fabric lining, which is luxurious in looks and durable; Bags for Women; Bags for Girls;    Vegan Leather Bags for Women/Girl : Back Zipper Closure, Anti-theft pocket, Water resistant Backpack; 1 main zipper compartment with 1 interior zipper pocket and 1 interior slot pockets, 2 side pockets and 1 front zipper pocket; earphone hole for easy use; Perfect for casual; travel, shopping, tuition, college bags for girls; work bag for women;    Size: : 29 x (W) 11 x (H) 30 CM, 450 Grams.Fits Daily Essentials like Lunch Box, Wallet, Mobile, Umbrella, Water Bottle, Cosmetics, Books, 13.5 inch Laptop, etc; Lightweight; Waterproof; Comfortable to carry everywhere you want;Gift for Women; Rakhi Gift for Sisters; Gift for Sister; Gift for Wife; College Bags for Women; College Bag for for Girls; Office Bags for Women;    3 way Carry : You can carry it as a single Shoulder Bag or Back Bag or Tote Purse as there is a removable short shoulder strap; Convertible; Small Travel Purse for Women; Bagpack for Girls; Bagpack for Women; Backpack Purses for Women;    Made in India ; Color Olive Green; Opal Black; Tan Brown; Coffee Brown; Grey; Blue; Wine;Blush Pink; Bags for girls, Bags for Women; Rakhi Gift for Sisters; Gifts for women; 13 Inch Laptop bag for women ; Stylish bagpack; Office Bags for Women;   ,B08329R8BK,VISMIINTREND Store,Description not Found,
VISMIINTREND Fashion Leather Backpack Handbags Purse Bags with Shoulder Belt for Women and Girls | Travel | Back | College | Work | Gift | 13.5 Inch Laptop Bag | Rakhi Gifts for Sisters | Wife,  Care Instructions: Wipe with Damp Cloth    Fashion Backpacks for Women/Girls : Vismiintrend Backpack Handbags for Women is made of high quality water resistant soft PU leather, metal accessories and fabric lining, which is luxurious in looks and durable; Bags for Women; Bags for Girls;    Vegan Leather Bags for Women/Girl : Back Zipper Closure, Anti-theft pocket, Water resistant Backpack; 1 main zipper compartment with 1 interior zipper pocket and 1 interior slot pockets, 2 side pockets and 1 front zipper pocket; earphone hole for easy use; Perfect for casual; travel, shopping, tuition, college bags for girls; work bag for women;    Size: : 29 x (W) 11 x (H) 30 CM, 450 Grams.Fits Daily Essentials like Lunch Box, Wallet, Mobile, Umbrella, Water Bottle, Cosmetics, Books, 13.5 inch Laptop, etc; Lightweight; Waterproof; Comfortable to carry everywhere you want;Gift for Women; Rakhi Gift for Sisters; Gift for Sister; Gift for Wife; College Bags for Women; College Bag for for Girls; Office Bags for Women;    3 way Carry : You can carry it as a single Shoulder Bag or Back Bag or Tote Purse as there is a removable short shoulder strap; Convertible; Small Travel Purse for Women; Bagpack for Girls; Bagpack for Women; Backpack Purses for Women;    Made in India ; Color Olive Green; Opal Black; Tan Brown; Coffee Brown; Grey; Blue; Wine;Blush Pink; Bags for girls, Bags for Women; Rakhi Gift for Sisters; Gifts for women; 13 Inch Laptop bag for women ; Stylish bagpack; Office Bags for Women;   ,B08329R8BK,VISMIINTREND Store,Description not Found,
VISMIINTREND Fashion Leather Backpack Handbags Purse Bags with Shoulder Belt for Women and Girls | Travel | Back | College | Work | Gift | 13.5 Inch Laptop Bag | Rakhi Gifts for Sisters | Wife,  Care Instructions: Wipe with Damp Cloth    Fashion Backpacks for Women/Girls : Vismiintrend Backpack Handbags for Women is made of high quality water resistant soft PU leather, metal accessories and fabric lining, which is luxurious in looks and durable; Bags for Women; Bags for Girls;    Vegan Leather Bags for Women/Girl : Back Zipper Closure, Anti-theft pocket, Water resistant Backpack; 1 main zipper compartment with 1 interior zipper pocket and 1 interior slot pockets, 2 side pockets and 1 front zipper pocket; earphone hole for easy use; Perfect for casual; travel, shopping, tuition, college bags for girls; work bag for women;    Size: : 29 x (W) 11 x (H) 30 CM, 450 Grams.Fits Daily Essentials like Lunch Box, Wallet, Mobile, Umbrella, Water Bottle, Cosmetics, Books, 13.5 inch Laptop, etc; Lightweight; Waterproof; Comfortable to carry everywhere you want;Gift for Women; Rakhi Gift for Sisters; Gift for Sister; Gift for Wife; College Bags for Women; College Bag for for Girls; Office Bags for Women;    3 way Carry : You can carry it as a single Shoulder Bag or Back Bag or Tote Purse as there is a removable short shoulder strap; Convertible; Small Travel Purse for Women; Bagpack for Girls; Bagpack for Women; Backpack Purses for Women;    Made in India ; Color Olive Green; Opal Black; Tan Brown; Coffee Brown; Grey; Blue; Wine;Blush Pink; Bags for girls, Bags for Women; Rakhi Gift for Sisters; Gifts for women; 13 Inch Laptop bag for women ; Stylish bagpack; Office Bags for Women;   ,B0B2RNKSMG,VISMIINTREND Store,Description not Found,
VISMIINTREND Fashion Leather Backpack Handbags Purse Bags with Shoulder Belt for Women and Girls | Travel | Back | College | Work | Gift | 13.5 Inch Laptop Bag | Rakhi Gifts for Sisters | Wife,  Care Instructions: Wipe with Damp Cloth    Fashion Backpacks for Women/Girls : Vismiintrend Backpack Handbags for Women is made of high quality water resistant soft PU leather, metal accessories and fabric lining, which is luxurious in looks and durable; Bags for Women; Bags for Girls;    Vegan Leather Bags for Women/Girl : Back Zipper Closure, Anti-theft pocket, Water resistant Backpack; 1 main zipper compartment with 1 interior zipper pocket and 1 interior slot pockets, 2 side pockets and 1 front zipper pocket; earphone hole for easy use; Perfect for casual; travel, shopping, tuition, college bags for girls; work bag for women;    Size: : 29 x (W) 11 x (H) 30 CM, 450 Grams.Fits Daily Essentials like Lunch Box, Wallet, Mobile, Umbrella, Water Bottle, Cosmetics, Books, 13.5 inch Laptop, etc; Lightweight; Waterproof; Comfortable to carry everywhere you want;Gift for Women; Rakhi Gift for Sisters; Gift for Sister; Gift for Wife; College Bags for Women; College Bag for for Girls; Office Bags for Women;    3 way Carry : You can carry it as a single Shoulder Bag or Back Bag or Tote Purse as there is a removable short shoulder strap; Convertible; Small Travel Purse for Women; Bagpack for Girls; Bagpack for Women; Backpack Purses for Women;    Made in India ; Color Olive Green; Opal Black; Tan Brown; Coffee Brown; Grey; Blue; Wine;Blush Pink; Bags for girls, Bags for Women; Rakhi Gift for Sisters; Gifts for women; 13 Inch Laptop bag for women ; Stylish bagpack; Office Bags for Women;   ,B0B2RNKSMG,VISMIINTREND Store,Description not Found,
VISMIINTREND Fashion Leather Backpack Handbags Purse Bags with Shoulder Belt for Women and Girls | Travel | Back | College | Work | Gift | 13.5 Inch Laptop Bag | Rakhi Gifts for Sisters | Wife,  Care Instructions: Wipe with Damp Cloth    Fashion Backpacks for Women/Girls : Vismiintrend Backpack Handbags for Women is made of high quality water resistant soft PU leather, metal accessories and fabric lining, which is luxurious in looks and durable; Bags for Women; Bags for Girls;    Vegan Leather Bags for Women/Girl : Back Zipper Closure, Anti-theft pocket, Water resistant Backpack; 1 main zipper compartment with 1 interior zipper pocket and 1 interior slot pockets, 2 side pockets and 1 front zipper pocket; earphone hole for easy use; Perfect for casual; travel, shopping, tuition, college bags for girls; work bag for women;    Size: : 29 x (W) 11 x (H) 30 CM, 450 Grams.Fits Daily Essentials like Lunch Box, Wallet, Mobile, Umbrella, Water Bottle, Cosmetics, Books, 13.5 inch Laptop, etc; Lightweight; Waterproof; Comfortable to carry everywhere you want;Gift for Women; Rakhi Gift for Sisters; Gift for Sister; Gift for Wife; College Bags for Women; College Bag for for Girls; Office Bags for Women;    3 way Carry : You can carry it as a single Shoulder Bag or Back Bag or Tote Purse as there is a removable short shoulder strap; Convertible; Small Travel Purse for Women; Bagpack for Girls; Bagpack for Women; Backpack Purses for Women;    Made in India ; Color Olive Green; Opal Black; Tan Brown; Coffee Brown; Grey; Blue; Wine;Blush Pink; Bags for girls, Bags for Women; Rakhi Gift for Sisters; Gifts for women; 13 Inch Laptop bag for women ; Stylish bagpack; Office Bags for Women;   ,B0B2RNKSMG,VISMIINTREND Store,Description not Found,
VISMIINTREND Fashion Leather Backpack Handbags Purse Bags with Shoulder Belt for Women and Girls | Travel | Back | College | Work | Gift | 13.5 Inch Laptop Bag | Rakhi Gifts for Sisters | Wife,  Care Instructions: Wipe with Damp Cloth    Fashion Backpacks for Women/Girls : Vismiintrend Backpack Handbags for Women is made of high quality water resistant soft PU leather, metal accessories and fabric lining, which is luxurious in looks and durable; Bags for Women; Bags for Girls;    Vegan Leather Bags for Women/Girl : Back Zipper Closure, Anti-theft pocket, Water resistant Backpack; 1 main zipper compartment with 1 interior zipper pocket and 1 interior slot pockets, 2 side pockets and 1 front zipper pocket; earphone hole for easy use; Perfect for casual; travel, shopping, tuition, college bags for girls; work bag for women;    Size: : 29 x (W) 11 x (H) 30 CM, 450 Grams.Fits Daily Essentials like Lunch Box, Wallet, Mobile, Umbrella, Water Bottle, Cosmetics, Books, 13.5 inch Laptop, etc; Lightweight; Waterproof; Comfortable to carry everywhere you want;Gift for Women; Rakhi Gift for Sisters; Gift for Sister; Gift for Wife; College Bags for Women; College Bag for for Girls; Office Bags for Women;    3 way Carry : You can carry it as a single Shoulder Bag or Back Bag or Tote Purse as there is a removable short shoulder strap; Convertible; Small Travel Purse for Women; Bagpack for Girls; Bagpack for Women; Backpack Purses for Women;    Made in India ; Color Olive Green; Opal Black; Tan Brown; Coffee Brown; Grey; Blue; Wine;Blush Pink; Bags for girls, Bags for Women; Rakhi Gift for Sisters; Gifts for women; 13 Inch Laptop bag for women ; Stylish bagpack; Office Bags for Women;   ,B08329R8BK,VISMIINTREND Store,Description not Found,
VISMIINTREND Fashion Leather Backpack Handbags Purse Bags with Shoulder Belt for Women and Girls | Travel | Back | College | Work | Gift | 13.5 Inch Laptop Bag | Rakhi Gifts for Sisters | Wife,  Care Instructions: Wipe with Damp Cloth    Fashion Backpacks for Women/Girls : Vismiintrend Backpack Handbags for Women is made of high quality water resistant soft PU leather, metal accessories and fabric lining, which is luxurious in looks and durable; Bags for Women; Bags for Girls;    Vegan Leather Bags for Women/Girl : Back Zipper Closure, Anti-theft pocket, Water resistant Backpack; 1 main zipper compartment with 1 interior zipper pocket and 1 interior slot pockets, 2 side pockets and 1 front zipper pocket; earphone hole for easy use; Perfect for casual; travel, shopping, tuition, college bags for girls; work bag for women;    Size: : 29 x (W) 11 x (H) 30 CM, 450 Grams.Fits Daily Essentials like Lunch Box, Wallet, Mobile, Umbrella, Water Bottle, Cosmetics, Books, 13.5 inch Laptop, etc; Lightweight; Waterproof; Comfortable to carry everywhere you want;Gift for Women; Rakhi Gift for Sisters; Gift for Sister; Gift for Wife; College Bags for Women; College Bag for for Girls; Office Bags for Women;    3 way Carry : You can carry it as a single Shoulder Bag or Back Bag or Tote Purse as there is a removable short shoulder strap; Convertible; Small Travel Purse for Women; Bagpack for Girls; Bagpack for Women; Backpack Purses for Women;    Made in India ; Color Olive Green; Opal Black; Tan Brown; Coffee Brown; Grey; Blue; Wine;Blush Pink; Bags for girls, Bags for Women; Rakhi Gift for Sisters; Gifts for women; 13 Inch Laptop bag for women ; Stylish bagpack; Office Bags for Women;   ,B0B2RNKSMG,VISMIINTREND Store,Description not Found,
VISMIINTREND Fashion Leather Backpack Handbags Purse Bags with Shoulder Belt for Women and Girls | Travel | Back | College | Work | Gift | 13.5 Inch Laptop Bag | Rakhi Gifts for Sisters | Wife,  Care Instructions: Wipe with Damp Cloth    Fashion Backpacks for Women/Girls : Vismiintrend Backpack Handbags for Women is made of high quality water resistant soft PU leather, metal accessories and fabric lining, which is luxurious in looks and durable; Bags for Women; Bags for Girls;    Vegan Leather Bags for Women/Girl : Back Zipper Closure, Anti-theft pocket, Water resistant Backpack; 1 main zipper compartment with 1 interior zipper pocket and 1 interior slot pockets, 2 side pockets and 1 front zipper pocket; earphone hole for easy use; Perfect for casual; travel, shopping, tuition, college bags for girls; work bag for women;    Size: : 29 x (W) 11 x (H) 30 CM, 450 Grams.Fits Daily Essentials like Lunch Box, Wallet, Mobile, Umbrella, Water Bottle, Cosmetics, Books, 13.5 inch Laptop, etc; Lightweight; Waterproof; Comfortable to carry everywhere you want;Gift for Women; Rakhi Gift for Sisters; Gift for Sister; Gift for Wife; College Bags for Women; College Bag for for Girls; Office Bags for Women;    3 way Carry : You can carry it as a single Shoulder Bag or Back Bag or Tote Purse as there is a removable short shoulder strap; Convertible; Small Travel Purse for Women; Bagpack for Girls; Bagpack for Women; Backpack Purses for Women;    Made in India ; Color Olive Green; Opal Black; Tan Brown; Coffee Brown; Grey; Blue; Wine;Blush Pink; Bags for girls, Bags for Women; Rakhi Gift for Sisters; Gifts for women; 13 Inch Laptop bag for women ; Stylish bagpack; Office Bags for Women;   ,B0B2RNKSMG,VISMIINTREND Store,Description not Found,
VISMIINTREND Fashion Leather Backpack Handbags Purse Bags with Shoulder Belt for Women and Girls | Travel | Back | College | Work | Gift | 13.5 Inch Laptop Bag | Rakhi Gifts for Sisters | Wife,  Care Instructions: Wipe with Damp Cloth    Fashion Backpacks for Women/Girls : Vismiintrend Backpack Handbags for Women is made of high quality water resistant soft PU leather, metal accessories and fabric lining, which is luxurious in looks and durable; Bags for Women; Bags for Girls;    Vegan Leather Bags for Women/Girl : Back Zipper Closure, Anti-theft pocket, Water resistant Backpack; 1 main zipper compartment with 1 interior zipper pocket and 1 interior slot pockets, 2 side pockets and 1 front zipper pocket; earphone hole for easy use; Perfect for casual; travel, shopping, tuition, college bags for girls; work bag for women;    Size: : 29 x (W) 11 x (H) 30 CM, 450 Grams.Fits Daily Essentials like Lunch Box, Wallet, Mobile, Umbrella, Water Bottle, Cosmetics, Books, 13.5 inch Laptop, etc; Lightweight; Waterproof; Comfortable to carry everywhere you want;Gift for Women; Rakhi Gift for Sisters; Gift for Sister; Gift for Wife; College Bags for Women; College Bag for for Girls; Office Bags for Women;    3 way Carry : You can carry it as a single Shoulder Bag or Back Bag or Tote Purse as there is a removable short shoulder strap; Convertible; Small Travel Purse for Women; Bagpack for Girls; Bagpack for Women; Backpack Purses for Women;    Made in India ; Color Olive Green; Opal Black; Tan Brown; Coffee Brown; Grey; Blue; Wine;Blush Pink; Bags for girls, Bags for Women; Rakhi Gift for Sisters; Gifts for women; 13 Inch Laptop bag for women ; Stylish bagpack; Office Bags for Women;   ,B08329R8BK,VISMIINTREND Store,Description not Found,
VISMIINTREND Fashion Leather Backpack Handbags Purse Bags with Shoulder Belt for Women and Girls | Travel | Back | College | Work | Gift | 13.5 Inch Laptop Bag | Rakhi Gifts for Sisters | Wife,  Care Instructions: Wipe with Damp Cloth    Fashion Backpacks for Women/Girls : Vismiintrend Backpack Handbags for Women is made of high quality water resistant soft PU leather, metal accessories and fabric lining, which is luxurious in looks and durable; Bags for Women; Bags for Girls;    Vegan Leather Bags for Women/Girl : Back Zipper Closure, Anti-theft pocket, Water resistant Backpack; 1 main zipper compartment with 1 interior zipper pocket and 1 interior slot pockets, 2 side pockets and 1 front zipper pocket; earphone hole for easy use; Perfect for casual; travel, shopping, tuition, college bags for girls; work bag for women;    Size: : 29 x (W) 11 x (H) 30 CM, 450 Grams.Fits Daily Essentials like Lunch Box, Wallet, Mobile, Umbrella, Water Bottle, Cosmetics, Books, 13.5 inch Laptop, etc; Lightweight; Waterproof; Comfortable to carry everywhere you want;Gift for Women; Rakhi Gift for Sisters; Gift for Sister; Gift for Wife; College Bags for Women; College Bag for for Girls; Office Bags for Women;    3 way Carry : You can carry it as a single Shoulder Bag or Back Bag or Tote Purse as there is a removable short shoulder strap; Convertible; Small Travel Purse for Women; Bagpack for Girls; Bagpack for Women; Backpack Purses for Women;    Made in India ; Color Olive Green; Opal Black; Tan Brown; Coffee Brown; Grey; Blue; Wine;Blush Pink; Bags for girls, Bags for Women; Rakhi Gift for Sisters; Gifts for women; 13 Inch Laptop bag for women ; Stylish bagpack; Office Bags for Women;   ,B08329R8BK,VISMIINTREND Store,Description not Found,
VISMIINTREND Fashion Leather Backpack Handbags Purse Bags with Shoulder Belt for Women and Girls | Travel | Back | College | Work | Gift | 13.5 Inch Laptop Bag | Rakhi Gifts for Sisters | Wife,  Care Instructions: Wipe with Damp Cloth    Fashion Backpacks for Women/Girls : Vismiintrend Backpack Handbags for Women is made of high quality water resistant soft PU leather, metal accessories and fabric lining, which is luxurious in looks and durable; Bags for Women; Bags for Girls;    Vegan Leather Bags for Women/Girl : Back Zipper Closure, Anti-theft pocket, Water resistant Backpack; 1 main zipper compartment with 1 interior zipper pocket and 1 interior slot pockets, 2 side pockets and 1 front zipper pocket; earphone hole for easy use; Perfect for casual; travel, shopping, tuition, college bags for girls; work bag for women;    Size: : 29 x (W) 11 x (H) 30 CM, 450 Grams.Fits Daily Essentials like Lunch Box, Wallet, Mobile, Umbrella, Water Bottle, Cosmetics, Books, 13.5 inch Laptop, etc; Lightweight; Waterproof; Comfortable to carry everywhere you want;Gift for Women; Rakhi Gift for Sisters; Gift for Sister; Gift for Wife; College Bags for Women; College Bag for for Girls; Office Bags for Women;    3 way Carry : You can carry it as a single Shoulder Bag or Back Bag or Tote Purse as there is a removable short shoulder strap; Convertible; Small Travel Purse for Women; Bagpack for Girls; Bagpack for Women; Backpack Purses for Women;    Made in India ; Color Olive Green; Opal Black; Tan Brown; Coffee Brown; Grey; Blue; Wine;Blush Pink; Bags for girls, Bags for Women; Rakhi Gift for Sisters; Gifts for women; 13 Inch Laptop bag for women ; Stylish bagpack; Office Bags for Women;   ,B0B2RNKSMG,VISMIINTREND Store,Description not Found,
VISMIINTREND Fashion Leather Backpack Handbags Purse Bags with Shoulder Belt for Women and Girls | Travel | Back | College | Work | Gift | 13.5 Inch Laptop Bag | Rakhi Gifts for Sisters | Wife,  Care Instructions: Wipe with Damp Cloth    Fashion Backpacks for Women/Girls : Vismiintrend Backpack Handbags for Women is made of high quality water resistant soft PU leather, metal accessories and fabric lining, which is luxurious in looks and durable; Bags for Women; Bags for Girls;    Vegan Leather Bags for Women/Girl : Back Zipper Closure, Anti-theft pocket, Water resistant Backpack; 1 main zipper compartment with 1 interior zipper pocket and 1 interior slot pockets, 2 side pockets and 1 front zipper pocket; earphone hole for easy use; Perfect for casual; travel, shopping, tuition, college bags for girls; work bag for women;    Size: : 29 x (W) 11 x (H) 30 CM, 450 Grams.Fits Daily Essentials like Lunch Box, Wallet, Mobile, Umbrella, Water Bottle, Cosmetics, Books, 13.5 inch Laptop, etc; Lightweight; Waterproof; Comfortable to carry everywhere you want;Gift for Women; Rakhi Gift for Sisters; Gift for Sister; Gift for Wife; College Bags for Women; College Bag for for Girls; Office Bags for Women;    3 way Carry : You can carry it as a single Shoulder Bag or Back Bag or Tote Purse as there is a removable short shoulder strap; Convertible; Small Travel Purse for Women; Bagpack for Girls; Bagpack for Women; Backpack Purses for Women;    Made in India ; Color Olive Green; Opal Black; Tan Brown; Coffee Brown; Grey; Blue; Wine;Blush Pink; Bags for girls, Bags for Women; Rakhi Gift for Sisters; Gifts for women; 13 Inch Laptop bag for women ; Stylish bagpack; Office Bags for Women;   ,B08329R8BK,VISMIINTREND Store,Description not Found,
VISMIINTREND Fashion Leather Backpack Handbags Purse Bags with Shoulder Belt for Women and Girls | Travel | Back | College | Work | Gift | 13.5 Inch Laptop Bag | Rakhi Gifts for Sisters | Wife,  Care Instructions: Wipe with Damp Cloth    Fashion Backpacks for Women/Girls : Vismiintrend Backpack Handbags for Women is made of high quality water resistant soft PU leather, metal accessories and fabric lining, which is luxurious in looks and durable; Bags for Women; Bags for Girls;    Vegan Leather Bags for Women/Girl : Back Zipper Closure, Anti-theft pocket, Water resistant Backpack; 1 main zipper compartment with 1 interior zipper pocket and 1 interior slot pockets, 2 side pockets and 1 front zipper pocket; earphone hole for easy use; Perfect for casual; travel, shopping, tuition, college bags for girls; work bag for women;    Size: : 29 x (W) 11 x (H) 30 CM, 450 Grams.Fits Daily Essentials like Lunch Box, Wallet, Mobile, Umbrella, Water Bottle, Cosmetics, Books, 13.5 inch Laptop, etc; Lightweight; Waterproof; Comfortable to carry everywhere you want;Gift for Women; Rakhi Gift for Sisters; Gift for Sister; Gift for Wife; College Bags for Women; College Bag for for Girls; Office Bags for Women;    3 way Carry : You can carry it as a single Shoulder Bag or Back Bag or Tote Purse as there is a removable short shoulder strap; Convertible; Small Travel Purse for Women; Bagpack for Girls; Bagpack for Women; Backpack Purses for Women;    Made in India ; Color Olive Green; Opal Black; Tan Brown; Coffee Brown; Grey; Blue; Wine;Blush Pink; Bags for girls, Bags for Women; Rakhi Gift for Sisters; Gifts for women; 13 Inch Laptop bag for women ; Stylish bagpack; Office Bags for Women;   ,B08329R8BK,VISMIINTREND Store,Description not Found,
VISMIINTREND Fashion Leather Backpack Handbags Purse Bags with Shoulder Belt for Women and Girls | Travel | Back | College | Work | Gift | 13.5 Inch Laptop Bag | Rakhi Gifts for Sisters | Wife,  Care Instructions: Wipe with Damp Cloth    Fashion Backpacks for Women/Girls : Vismiintrend Backpack Handbags for Women is made of high quality water resistant soft PU leather, metal accessories and fabric lining, which is luxurious in looks and durable; Bags for Women; Bags for Girls;    Vegan Leather Bags for Women/Girl : Back Zipper Closure, Anti-theft pocket, Water resistant Backpack; 1 main zipper compartment with 1 interior zipper pocket and 1 interior slot pockets, 2 side pockets and 1 front zipper pocket; earphone hole for easy use; Perfect for casual; travel, shopping, tuition, college bags for girls; work bag for women;    Size: : 29 x (W) 11 x (H) 30 CM, 450 Grams.Fits Daily Essentials like Lunch Box, Wallet, Mobile, Umbrella, Water Bottle, Cosmetics, Books, 13.5 inch Laptop, etc; Lightweight; Waterproof; Comfortable to carry everywhere you want;Gift for Women; Rakhi Gift for Sisters; Gift for Sister; Gift for Wife; College Bags for Women; College Bag for for Girls; Office Bags for Women;    3 way Carry : You can carry it as a single Shoulder Bag or Back Bag or Tote Purse as there is a removable short shoulder strap; Convertible; Small Travel Purse for Women; Bagpack for Girls; Bagpack for Women; Backpack Purses for Women;    Made in India ; Color Olive Green; Opal Black; Tan Brown; Coffee Brown; Grey; Blue; Wine;Blush Pink; Bags for girls, Bags for Women; Rakhi Gift for Sisters; Gifts for women; 13 Inch Laptop bag for women ; Stylish bagpack; Office Bags for Women;   ,B08329R8BK,VISMIINTREND Store,Description not Found,
VISMIINTREND Fashion Leather Backpack Handbags Purse Bags with Shoulder Belt for Women and Girls | Travel | Back | College | Work | Gift | 13.5 Inch Laptop Bag | Rakhi Gifts for Sisters | Wife,  Care Instructions: Wipe with Damp Cloth    Fashion Backpacks for Women/Girls : Vismiintrend Backpack Handbags for Women is made of high quality water resistant soft PU leather, metal accessories and fabric lining, which is luxurious in looks and durable; Bags for Women; Bags for Girls;    Vegan Leather Bags for Women/Girl : Back Zipper Closure, Anti-theft pocket, Water resistant Backpack; 1 main zipper compartment with 1 interior zipper pocket and 1 interior slot pockets, 2 side pockets and 1 front zipper pocket; earphone hole for easy use; Perfect for casual; travel, shopping, tuition, college bags for girls; work bag for women;    Size: : 29 x (W) 11 x (H) 30 CM, 450 Grams.Fits Daily Essentials like Lunch Box, Wallet, Mobile, Umbrella, Water Bottle, Cosmetics, Books, 13.5 inch Laptop, etc; Lightweight; Waterproof; Comfortable to carry everywhere you want;Gift for Women; Rakhi Gift for Sisters; Gift for Sister; Gift for Wife; College Bags for Women; College Bag for for Girls; Office Bags for Women;    3 way Carry : You can carry it as a single Shoulder Bag or Back Bag or Tote Purse as there is a removable short shoulder strap; Convertible; Small Travel Purse for Women; Bagpack for Girls; Bagpack for Women; Backpack Purses for Women;    Made in India ; Color Olive Green; Opal Black; Tan Brown; Coffee Brown; Grey; Blue; Wine;Blush Pink; Bags for girls, Bags for Women; Rakhi Gift for Sisters; Gifts for women; 13 Inch Laptop bag for women ; Stylish bagpack; Office Bags for Women;   ,B08329R8BK,VISMIINTREND Store,Description not Found,
VISMIINTREND Fashion Leather Backpack Handbags Purse Bags with Shoulder Belt for Women and Girls | Travel | Back | College | Work | Gift | 13.5 Inch Laptop Bag | Rakhi Gifts for Sisters | Wife,  Care Instructions: Wipe with Damp Cloth    Fashion Backpacks for Women/Girls : Vismiintrend Backpack Handbags for Women is made of high quality water resistant soft PU leather, metal accessories and fabric lining, which is luxurious in looks and durable; Bags for Women; Bags for Girls;    Vegan Leather Bags for Women/Girl : Back Zipper Closure, Anti-theft pocket, Water resistant Backpack; 1 main zipper compartment with 1 interior zipper pocket and 1 interior slot pockets, 2 side pockets and 1 front zipper pocket; earphone hole for easy use; Perfect for casual; travel, shopping, tuition, college bags for girls; work bag for women;    Size: : 29 x (W) 11 x (H) 30 CM, 450 Grams.Fits Daily Essentials like Lunch Box, Wallet, Mobile, Umbrella, Water Bottle, Cosmetics, Books, 13.5 inch Laptop, etc; Lightweight; Waterproof; Comfortable to carry everywhere you want;Gift for Women; Rakhi Gift for Sisters; Gift for Sister; Gift for Wife; College Bags for Women; College Bag for for Girls; Office Bags for Women;    3 way Carry : You can carry it as a single Shoulder Bag or Back Bag or Tote Purse as there is a removable short shoulder strap; Convertible; Small Travel Purse for Women; Bagpack for Girls; Bagpack for Women; Backpack Purses for Women;    Made in India ; Color Olive Green; Opal Black; Tan Brown; Coffee Brown; Grey; Blue; Wine;Blush Pink; Bags for girls, Bags for Women; Rakhi Gift for Sisters; Gifts for women; 13 Inch Laptop bag for women ; Stylish bagpack; Office Bags for Women;   ,B08329R8BK,VISMIINTREND Store,Description not Found,
VISMIINTREND Fashion Leather Backpack Handbags Purse Bags with Shoulder Belt for Women and Girls | Travel | Back | College | Work | Gift | 13.5 Inch Laptop Bag | Rakhi Gifts for Sisters | Wife,  Care Instructions: Wipe with Damp Cloth    Fashion Backpacks for Women/Girls : Vismiintrend Backpack Handbags for Women is made of high quality water resistant soft PU leather, metal accessories and fabric lining, which is luxurious in looks and durable; Bags for Women; Bags for Girls;    Vegan Leather Bags for Women/Girl : Back Zipper Closure, Anti-theft pocket, Water resistant Backpack; 1 main zipper compartment with 1 interior zipper pocket and 1 interior slot pockets, 2 side pockets and 1 front zipper pocket; earphone hole for easy use; Perfect for casual; travel, shopping, tuition, college bags for girls; work bag for women;    Size: : 29 x (W) 11 x (H) 30 CM, 450 Grams.Fits Daily Essentials like Lunch Box, Wallet, Mobile, Umbrella, Water Bottle, Cosmetics, Books, 13.5 inch Laptop, etc; Lightweight; Waterproof; Comfortable to carry everywhere you want;Gift for Women; Rakhi Gift for Sisters; Gift for Sister; Gift for Wife; College Bags for Women; College Bag for for Girls; Office Bags for Women;    3 way Carry : You can carry it as a single Shoulder Bag or Back Bag or Tote Purse as there is a removable short shoulder strap; Convertible; Small Travel Purse for Women; Bagpack for Girls; Bagpack for Women; Backpack Purses for Women;    Made in India ; Color Olive Green; Opal Black; Tan Brown; Coffee Brown; Grey; Blue; Wine;Blush Pink; Bags for girls, Bags for Women; Rakhi Gift for Sisters; Gifts for women; 13 Inch Laptop bag for women ; Stylish bagpack; Office Bags for Women;   ,B08329R8BK,VISMIINTREND Store,Description not Found,
VISMIINTREND Fashion Leather Backpack Handbags Purse Bags with Shoulder Belt for Women and Girls | Travel | Back | College | Work | Gift | 13.5 Inch Laptop Bag | Rakhi Gifts for Sisters | Wife,  Care Instructions: Wipe with Damp Cloth    Fashion Backpacks for Women/Girls : Vismiintrend Backpack Handbags for Women is made of high quality water resistant soft PU leather, metal accessories and fabric lining, which is luxurious in looks and durable; Bags for Women; Bags for Girls;    Vegan Leather Bags for Women/Girl : Back Zipper Closure, Anti-theft pocket, Water resistant Backpack; 1 main zipper compartment with 1 interior zipper pocket and 1 interior slot pockets, 2 side pockets and 1 front zipper pocket; earphone hole for easy use; Perfect for casual; travel, shopping, tuition, college bags for girls; work bag for women;    Size: : 29 x (W) 11 x (H) 30 CM, 450 Grams.Fits Daily Essentials like Lunch Box, Wallet, Mobile, Umbrella, Water Bottle, Cosmetics, Books, 13.5 inch Laptop, etc; Lightweight; Waterproof; Comfortable to carry everywhere you want;Gift for Women; Rakhi Gift for Sisters; Gift for Sister; Gift for Wife; College Bags for Women; College Bag for for Girls; Office Bags for Women;    3 way Carry : You can carry it as a single Shoulder Bag or Back Bag or Tote Purse as there is a removable short shoulder strap; Convertible; Small Travel Purse for Women; Bagpack for Girls; Bagpack for Women; Backpack Purses for Women;    Made in India ; Color Olive Green; Opal Black; Tan Brown; Coffee Brown; Grey; Blue; Wine;Blush Pink; Bags for girls, Bags for Women; Rakhi Gift for Sisters; Gifts for women; 13 Inch Laptop bag for women ; Stylish bagpack; Office Bags for Women;   ,B08329R8BK,VISMIINTREND Store,Description not Found,
VISMIINTREND Fashion Leather Backpack Handbags Purse Bags with Shoulder Belt for Women and Girls | Travel | Back | College | Work | Gift | 13.5 Inch Laptop Bag | Rakhi Gifts for Sisters | Wife,  Care Instructions: Wipe with Damp Cloth    Fashion Backpacks for Women/Girls : Vismiintrend Backpack Handbags for Women is made of high quality water resistant soft PU leather, metal accessories and fabric lining, which is luxurious in looks and durable; Bags for Women; Bags for Girls;    Vegan Leather Bags for Women/Girl : Back Zipper Closure, Anti-theft pocket, Water resistant Backpack; 1 main zipper compartment with 1 interior zipper pocket and 1 interior slot pockets, 2 side pockets and 1 front zipper pocket; earphone hole for easy use; Perfect for casual; travel, shopping, tuition, college bags for girls; work bag for women;    Size: : 29 x (W) 11 x (H) 30 CM, 450 Grams.Fits Daily Essentials like Lunch Box, Wallet, Mobile, Umbrella, Water Bottle, Cosmetics, Books, 13.5 inch Laptop, etc; Lightweight; Waterproof; Comfortable to carry everywhere you want;Gift for Women; Rakhi Gift for Sisters; Gift for Sister; Gift for Wife; College Bags for Women; College Bag for for Girls; Office Bags for Women;    3 way Carry : You can carry it as a single Shoulder Bag or Back Bag or Tote Purse as there is a removable short shoulder strap; Convertible; Small Travel Purse for Women; Bagpack for Girls; Bagpack for Women; Backpack Purses for Women;    Made in India ; Color Olive Green; Opal Black; Tan Brown; Coffee Brown; Grey; Blue; Wine;Blush Pink; Bags for girls, Bags for Women; Rakhi Gift for Sisters; Gifts for women; 13 Inch Laptop bag for women ; Stylish bagpack; Office Bags for Women;   ,B08329R8BK,VISMIINTREND Store,Description not Found,
VISMIINTREND Fashion Leather Backpack Handbags Purse Bags with Shoulder Belt for Women and Girls | Travel | Back | College | Work | Gift | 13.5 Inch Laptop Bag | Rakhi Gifts for Sisters | Wife,  Care Instructions: Wipe with Damp Cloth    Fashion Backpacks for Women/Girls : Vismiintrend Backpack Handbags for Women is made of high quality water resistant soft PU leather, metal accessories and fabric lining, which is luxurious in looks and durable; Bags for Women; Bags for Girls;    Vegan Leather Bags for Women/Girl : Back Zipper Closure, Anti-theft pocket, Water resistant Backpack; 1 main zipper compartment with 1 interior zipper pocket and 1 interior slot pockets, 2 side pockets and 1 front zipper pocket; earphone hole for easy use; Perfect for casual; travel, shopping, tuition, college bags for girls; work bag for women;    Size: : 29 x (W) 11 x (H) 30 CM, 450 Grams.Fits Daily Essentials like Lunch Box, Wallet, Mobile, Umbrella, Water Bottle, Cosmetics, Books, 13.5 inch Laptop, etc; Lightweight; Waterproof; Comfortable to carry everywhere you want;Gift for Women; Rakhi Gift for Sisters; Gift for Sister; Gift for Wife; College Bags for Women; College Bag for for Girls; Office Bags for Women;    3 way Carry : You can carry it as a single Shoulder Bag or Back Bag or Tote Purse as there is a removable short shoulder strap; Convertible; Small Travel Purse for Women; Bagpack for Girls; Bagpack for Women; Backpack Purses for Women;    Made in India ; Color Olive Green; Opal Black; Tan Brown; Coffee Brown; Grey; Blue; Wine;Blush Pink; Bags for girls, Bags for Women; Rakhi Gift for Sisters; Gifts for women; 13 Inch Laptop bag for women ; Stylish bagpack; Office Bags for Women;   ,B08329R8BK,VISMIINTREND Store,Description not Found,
VISMIINTREND Fashion Leather Backpack Handbags Purse Bags with Shoulder Belt for Women and Girls | Travel | Back | College | Work | Gift | 13.5 Inch Laptop Bag | Rakhi Gifts for Sisters | Wife,  Care Instructions: Wipe with Damp Cloth    Fashion Backpacks for Women/Girls : Vismiintrend Backpack Handbags for Women is made of high quality water resistant soft PU leather, metal accessories and fabric lining, which is luxurious in looks and durable; Bags for Women; Bags for Girls;    Vegan Leather Bags for Women/Girl : Back Zipper Closure, Anti-theft pocket, Water resistant Backpack; 1 main zipper compartment with 1 interior zipper pocket and 1 interior slot pockets, 2 side pockets and 1 front zipper pocket; earphone hole for easy use; Perfect for casual; travel, shopping, tuition, college bags for girls; work bag for women;    Size: : 29 x (W) 11 x (H) 30 CM, 450 Grams.Fits Daily Essentials like Lunch Box, Wallet, Mobile, Umbrella, Water Bottle, Cosmetics, Books, 13.5 inch Laptop, etc; Lightweight; Waterproof; Comfortable to carry everywhere you want;Gift for Women; Rakhi Gift for Sisters; Gift for Sister; Gift for Wife; College Bags for Women; College Bag for for Girls; Office Bags for Women;    3 way Carry : You can carry it as a single Shoulder Bag or Back Bag or Tote Purse as there is a removable short shoulder strap; Convertible; Small Travel Purse for Women; Bagpack for Girls; Bagpack for Women; Backpack Purses for Women;    Made in India ; Color Olive Green; Opal Black; Tan Brown; Coffee Brown; Grey; Blue; Wine;Blush Pink; Bags for girls, Bags for Women; Rakhi Gift for Sisters; Gifts for women; 13 Inch Laptop bag for women ; Stylish bagpack; Office Bags for Women;   ,B08329R8BK,VISMIINTREND Store,Description not Found,
VISMIINTREND Fashion Leather Backpack Handbags Purse Bags with Shoulder Belt for Women and Girls | Travel | Back | College | Work | Gift | 13.5 Inch Laptop Bag | Rakhi Gifts for Sisters | Wife,  Care Instructions: Wipe with Damp Cloth    Fashion Backpacks for Women/Girls : Vismiintrend Backpack Handbags for Women is made of high quality water resistant soft PU leather, metal accessories and fabric lining, which is luxurious in looks and durable; Bags for Women; Bags for Girls;    Vegan Leather Bags for Women/Girl : Back Zipper Closure, Anti-theft pocket, Water resistant Backpack; 1 main zipper compartment with 1 interior zipper pocket and 1 interior slot pockets, 2 side pockets and 1 front zipper pocket; earphone hole for easy use; Perfect for casual; travel, shopping, tuition, college bags for girls; work bag for women;    Size: : 29 x (W) 11 x (H) 30 CM, 450 Grams.Fits Daily Essentials like Lunch Box, Wallet, Mobile, Umbrella, Water Bottle, Cosmetics, Books, 13.5 inch Laptop, etc; Lightweight; Waterproof; Comfortable to carry everywhere you want;Gift for Women; Rakhi Gift for Sisters; Gift for Sister; Gift for Wife; College Bags for Women; College Bag for for Girls; Office Bags for Women;    3 way Carry : You can carry it as a single Shoulder Bag or Back Bag or Tote Purse as there is a removable short shoulder strap; Convertible; Small Travel Purse for Women; Bagpack for Girls; Bagpack for Women; Backpack Purses for Women;    Made in India ; Color Olive Green; Opal Black; Tan Brown; Coffee Brown; Grey; Blue; Wine;Blush Pink; Bags for girls, Bags for Women; Rakhi Gift for Sisters; Gifts for women; 13 Inch Laptop bag for women ; Stylish bagpack; Office Bags for Women;   ,B08329R8BK,VISMIINTREND Store,Description not Found,
VISMIINTREND Fashion Leather Backpack Handbags Purse Bags with Shoulder Belt for Women and Girls | Travel | Back | College | Work | Gift | 13.5 Inch Laptop Bag | Rakhi Gifts for Sisters | Wife,  Care Instructions: Wipe with Damp Cloth    Fashion Backpacks for Women/Girls : Vismiintrend Backpack Handbags for Women is made of high quality water resistant soft PU leather, metal accessories and fabric lining, which is luxurious in looks and durable; Bags for Women; Bags for Girls;    Vegan Leather Bags for Women/Girl : Back Zipper Closure, Anti-theft pocket, Water resistant Backpack; 1 main zipper compartment with 1 interior zipper pocket and 1 interior slot pockets, 2 side pockets and 1 front zipper pocket; earphone hole for easy use; Perfect for casual; travel, shopping, tuition, college bags for girls; work bag for women;    Size: : 29 x (W) 11 x (H) 30 CM, 450 Grams.Fits Daily Essentials like Lunch Box, Wallet, Mobile, Umbrella, Water Bottle, Cosmetics, Books, 13.5 inch Laptop, etc; Lightweight; Waterproof; Comfortable to carry everywhere you want;Gift for Women; Rakhi Gift for Sisters; Gift for Sister; Gift for Wife; College Bags for Women; College Bag for for Girls; Office Bags for Women;    3 way Carry : You can carry it as a single Shoulder Bag or Back Bag or Tote Purse as there is a removable short shoulder strap; Convertible; Small Travel Purse for Women; Bagpack for Girls; Bagpack for Women; Backpack Purses for Women;    Made in India ; Color Olive Green; Opal Black; Tan Brown; Coffee Brown; Grey; Blue; Wine;Blush Pink; Bags for girls, Bags for Women; Rakhi Gift for Sisters; Gifts for women; 13 Inch Laptop bag for women ; Stylish bagpack; Office Bags for Women;   ,B08329R8BK,VISMIINTREND Store,Description not Found,
VISMIINTREND Fashion Leather Backpack Handbags Purse Bags with Shoulder Belt for Women and Girls | Travel | Back | College | Work | Gift | 13.5 Inch Laptop Bag | Rakhi Gifts for Sisters | Wife,  Care Instructions: Wipe with Damp Cloth    Fashion Backpacks for Women/Girls : Vismiintrend Backpack Handbags for Women is made of high quality water resistant soft PU leather, metal accessories and fabric lining, which is luxurious in looks and durable; Bags for Women; Bags for Girls;    Vegan Leather Bags for Women/Girl : Back Zipper Closure, Anti-theft pocket, Water resistant Backpack; 1 main zipper compartment with 1 interior zipper pocket and 1 interior slot pockets, 2 side pockets and 1 front zipper pocket; earphone hole for easy use; Perfect for casual; travel, shopping, tuition, college bags for girls; work bag for women;    Size: : 29 x (W) 11 x (H) 30 CM, 450 Grams.Fits Daily Essentials like Lunch Box, Wallet, Mobile, Umbrella, Water Bottle, Cosmetics, Books, 13.5 inch Laptop, etc; Lightweight; Waterproof; Comfortable to carry everywhere you want;Gift for Women; Rakhi Gift for Sisters; Gift for Sister; Gift for Wife; College Bags for Women; College Bag for for Girls; Office Bags for Women;    3 way Carry : You can carry it as a single Shoulder Bag or Back Bag or Tote Purse as there is a removable short shoulder strap; Convertible; Small Travel Purse for Women; Bagpack for Girls; Bagpack for Women; Backpack Purses for Women;    Made in India ; Color Olive Green; Opal Black; Tan Brown; Coffee Brown; Grey; Blue; Wine;Blush Pink; Bags for girls, Bags for Women; Rakhi Gift for Sisters; Gifts for women; 13 Inch Laptop bag for women ; Stylish bagpack; Office Bags for Women;   ,B08329R8BK,VISMIINTREND Store,Description not Found,
VISMIINTREND Fashion Leather Backpack Handbags Purse Bags with Shoulder Belt for Women and Girls | Travel | Back | College | Work | Gift | 13.5 Inch Laptop Bag | Rakhi Gifts for Sisters | Wife,  Care Instructions: Wipe with Damp Cloth    Fashion Backpacks for Women/Girls : Vismiintrend Backpack Handbags for Women is made of high quality water resistant soft PU leather, metal accessories and fabric lining, which is luxurious in looks and durable; Bags for Women; Bags for Girls;    Vegan Leather Bags for Women/Girl : Back Zipper Closure, Anti-theft pocket, Water resistant Backpack; 1 main zipper compartment with 1 interior zipper pocket and 1 interior slot pockets, 2 side pockets and 1 front zipper pocket; earphone hole for easy use; Perfect for casual; travel, shopping, tuition, college bags for girls; work bag for women;    Size: : 29 x (W) 11 x (H) 30 CM, 450 Grams.Fits Daily Essentials like Lunch Box, Wallet, Mobile, Umbrella, Water Bottle, Cosmetics, Books, 13.5 inch Laptop, etc; Lightweight; Waterproof; Comfortable to carry everywhere you want;Gift for Women; Rakhi Gift for Sisters; Gift for Sister; Gift for Wife; College Bags for Women; College Bag for for Girls; Office Bags for Women;    3 way Carry : You can carry it as a single Shoulder Bag or Back Bag or Tote Purse as there is a removable short shoulder strap; Convertible; Small Travel Purse for Women; Bagpack for Girls; Bagpack for Women; Backpack Purses for Women;    Made in India ; Color Olive Green; Opal Black; Tan Brown; Coffee Brown; Grey; Blue; Wine;Blush Pink; Bags for girls, Bags for Women; Rakhi Gift for Sisters; Gifts for women; 13 Inch Laptop bag for women ; Stylish bagpack; Office Bags for Women;   ,B08329R8BK,VISMIINTREND Store,Description not Found,
VISMIINTREND Fashion Leather Backpack Handbags Purse Bags with Shoulder Belt for Women and Girls | Travel | Back | College | Work | Gift | 13.5 Inch Laptop Bag | Rakhi Gifts for Sisters | Wife,  Care Instructions: Wipe with Damp Cloth    Fashion Backpacks for Women/Girls : Vismiintrend Backpack Handbags for Women is made of high quality water resistant soft PU leather, metal accessories and fabric lining, which is luxurious in looks and durable; Bags for Women; Bags for Girls;    Vegan Leather Bags for Women/Girl : Back Zipper Closure, Anti-theft pocket, Water resistant Backpack; 1 main zipper compartment with 1 interior zipper pocket and 1 interior slot pockets, 2 side pockets and 1 front zipper pocket; earphone hole for easy use; Perfect for casual; travel, shopping, tuition, college bags for girls; work bag for women;    Size: : 29 x (W) 11 x (H) 30 CM, 450 Grams.Fits Daily Essentials like Lunch Box, Wallet, Mobile, Umbrella, Water Bottle, Cosmetics, Books, 13.5 inch Laptop, etc; Lightweight; Waterproof; Comfortable to carry everywhere you want;Gift for Women; Rakhi Gift for Sisters; Gift for Sister; Gift for Wife; College Bags for Women; College Bag for for Girls; Office Bags for Women;    3 way Carry : You can carry it as a single Shoulder Bag or Back Bag or Tote Purse as there is a removable short shoulder strap; Convertible; Small Travel Purse for Women; Bagpack for Girls; Bagpack for Women; Backpack Purses for Women;    Made in India ; Color Olive Green; Opal Black; Tan Brown; Coffee Brown; Grey; Blue; Wine;Blush Pink; Bags for girls, Bags for Women; Rakhi Gift for Sisters; Gifts for women; 13 Inch Laptop bag for women ; Stylish bagpack; Office Bags for Women;   ,B08329R8BK,VISMIINTREND Store,Description not Found,
VISMIINTREND Fashion Leather Backpack Handbags Purse Bags with Shoulder Belt for Women and Girls | Travel | Back | College | Work | Gift | 13.5 Inch Laptop Bag | Rakhi Gifts for Sisters | Wife,  Care Instructions: Wipe with Damp Cloth    Fashion Backpacks for Women/Girls : Vismiintrend Backpack Handbags for Women is made of high quality water resistant soft PU leather, metal accessories and fabric lining, which is luxurious in looks and durable; Bags for Women; Bags for Girls;    Vegan Leather Bags for Women/Girl : Back Zipper Closure, Anti-theft pocket, Water resistant Backpack; 1 main zipper compartment with 1 interior zipper pocket and 1 interior slot pockets, 2 side pockets and 1 front zipper pocket; earphone hole for easy use; Perfect for casual; travel, shopping, tuition, college bags for girls; work bag for women;    Size: : 29 x (W) 11 x (H) 30 CM, 450 Grams.Fits Daily Essentials like Lunch Box, Wallet, Mobile, Umbrella, Water Bottle, Cosmetics, Books, 13.5 inch Laptop, etc; Lightweight; Waterproof; Comfortable to carry everywhere you want;Gift for Women; Rakhi Gift for Sisters; Gift for Sister; Gift for Wife; College Bags for Women; College Bag for for Girls; Office Bags for Women;    3 way Carry : You can carry it as a single Shoulder Bag or Back Bag or Tote Purse as there is a removable short shoulder strap; Convertible; Small Travel Purse for Women; Bagpack for Girls; Bagpack for Women; Backpack Purses for Women;    Made in India ; Color Olive Green; Opal Black; Tan Brown; Coffee Brown; Grey; Blue; Wine;Blush Pink; Bags for girls, Bags for Women; Rakhi Gift for Sisters; Gifts for women; 13 Inch Laptop bag for women ; Stylish bagpack; Office Bags for Women;   ,B08329R8BK,VISMIINTREND Store,Description not Found,
VISMIINTREND Fashion Leather Backpack Handbags Purse Bags with Shoulder Belt for Women and Girls | Travel | Back | College | Work | Gift | 13.5 Inch Laptop Bag | Rakhi Gifts for Sisters | Wife,  Care Instructions: Wipe with Damp Cloth    Fashion Backpacks for Women/Girls : Vismiintrend Backpack Handbags for Women is made of high quality water resistant soft PU leather, metal accessories and fabric lining, which is luxurious in looks and durable; Bags for Women; Bags for Girls;    Vegan Leather Bags for Women/Girl : Back Zipper Closure, Anti-theft pocket, Water resistant Backpack; 1 main zipper compartment with 1 interior zipper pocket and 1 interior slot pockets, 2 side pockets and 1 front zipper pocket; earphone hole for easy use; Perfect for casual; travel, shopping, tuition, college bags for girls; work bag for women;    Size: : 29 x (W) 11 x (H) 30 CM, 450 Grams.Fits Daily Essentials like Lunch Box, Wallet, Mobile, Umbrella, Water Bottle, Cosmetics, Books, 13.5 inch Laptop, etc; Lightweight; Waterproof; Comfortable to carry everywhere you want;Gift for Women; Rakhi Gift for Sisters; Gift for Sister; Gift for Wife; College Bags for Women; College Bag for for Girls; Office Bags for Women;    3 way Carry : You can carry it as a single Shoulder Bag or Back Bag or Tote Purse as there is a removable short shoulder strap; Convertible; Small Travel Purse for Women; Bagpack for Girls; Bagpack for Women; Backpack Purses for Women;    Made in India ; Color Olive Green; Opal Black; Tan Brown; Coffee Brown; Grey; Blue; Wine;Blush Pink; Bags for girls, Bags for Women; Rakhi Gift for Sisters; Gifts for women; 13 Inch Laptop bag for women ; Stylish bagpack; Office Bags for Women;   ,B0B2RNKSMG,VISMIINTREND Store,Description not Found,
VISMIINTREND Fashion Leather Backpack Handbags Purse Bags with Shoulder Belt for Women and Girls | Travel | Back | College | Work | Gift | 13.5 Inch Laptop Bag | Rakhi Gifts for Sisters | Wife,  Care Instructions: Wipe with Damp Cloth    Fashion Backpacks for Women/Girls : Vismiintrend Backpack Handbags for Women is made of high quality water resistant soft PU leather, metal accessories and fabric lining, which is luxurious in looks and durable; Bags for Women; Bags for Girls;    Vegan Leather Bags for Women/Girl : Back Zipper Closure, Anti-theft pocket, Water resistant Backpack; 1 main zipper compartment with 1 interior zipper pocket and 1 interior slot pockets, 2 side pockets and 1 front zipper pocket; earphone hole for easy use; Perfect for casual; travel, shopping, tuition, college bags for girls; work bag for women;    Size: : 29 x (W) 11 x (H) 30 CM, 450 Grams.Fits Daily Essentials like Lunch Box, Wallet, Mobile, Umbrella, Water Bottle, Cosmetics, Books, 13.5 inch Laptop, etc; Lightweight; Waterproof; Comfortable to carry everywhere you want;Gift for Women; Rakhi Gift for Sisters; Gift for Sister; Gift for Wife; College Bags for Women; College Bag for for Girls; Office Bags for Women;    3 way Carry : You can carry it as a single Shoulder Bag or Back Bag or Tote Purse as there is a removable short shoulder strap; Convertible; Small Travel Purse for Women; Bagpack for Girls; Bagpack for Women; Backpack Purses for Women;    Made in India ; Color Olive Green; Opal Black; Tan Brown; Coffee Brown; Grey; Blue; Wine;Blush Pink; Bags for girls, Bags for Women; Rakhi Gift for Sisters; Gifts for women; 13 Inch Laptop bag for women ; Stylish bagpack; Office Bags for Women;   ,B08329R8BK,VISMIINTREND Store,Description not Found,
VISMIINTREND Fashion Leather Backpack Handbags Purse Bags with Shoulder Belt for Women and Girls | Travel | Back | College | Work | Gift | 13.5 Inch Laptop Bag | Rakhi Gifts for Sisters | Wife,  Care Instructions: Wipe with Damp Cloth    Fashion Backpacks for Women/Girls : Vismiintrend Backpack Handbags for Women is made of high quality water resistant soft PU leather, metal accessories and fabric lining, which is luxurious in looks and durable; Bags for Women; Bags for Girls;    Vegan Leather Bags for Women/Girl : Back Zipper Closure, Anti-theft pocket, Water resistant Backpack; 1 main zipper compartment with 1 interior zipper pocket and 1 interior slot pockets, 2 side pockets and 1 front zipper pocket; earphone hole for easy use; Perfect for casual; travel, shopping, tuition, college bags for girls; work bag for women;    Size: : 29 x (W) 11 x (H) 30 CM, 450 Grams.Fits Daily Essentials like Lunch Box, Wallet, Mobile, Umbrella, Water Bottle, Cosmetics, Books, 13.5 inch Laptop, etc; Lightweight; Waterproof; Comfortable to carry everywhere you want;Gift for Women; Rakhi Gift for Sisters; Gift for Sister; Gift for Wife; College Bags for Women; College Bag for for Girls; Office Bags for Women;    3 way Carry : You can carry it as a single Shoulder Bag or Back Bag or Tote Purse as there is a removable short shoulder strap; Convertible; Small Travel Purse for Women; Bagpack for Girls; Bagpack for Women; Backpack Purses for Women;    Made in India ; Color Olive Green; Opal Black; Tan Brown; Coffee Brown; Grey; Blue; Wine;Blush Pink; Bags for girls, Bags for Women; Rakhi Gift for Sisters; Gifts for women; 13 Inch Laptop bag for women ; Stylish bagpack; Office Bags for Women;   ,B08329R8BK,VISMIINTREND Store,Description not Found,
VISMIINTREND Fashion Leather Backpack Handbags Purse Bags with Shoulder Belt for Women and Girls | Travel | Back | College | Work | Gift | 13.5 Inch Laptop Bag | Rakhi Gifts for Sisters | Wife,  Care Instructions: Wipe with Damp Cloth    Fashion Backpacks for Women/Girls : Vismiintrend Backpack Handbags for Women is made of high quality water resistant soft PU leather, metal accessories and fabric lining, which is luxurious in looks and durable; Bags for Women; Bags for Girls;    Vegan Leather Bags for Women/Girl : Back Zipper Closure, Anti-theft pocket, Water resistant Backpack; 1 main zipper compartment with 1 interior zipper pocket and 1 interior slot pockets, 2 side pockets and 1 front zipper pocket; earphone hole for easy use; Perfect for casual; travel, shopping, tuition, college bags for girls; work bag for women;    Size: : 29 x (W) 11 x (H) 30 CM, 450 Grams.Fits Daily Essentials like Lunch Box, Wallet, Mobile, Umbrella, Water Bottle, Cosmetics, Books, 13.5 inch Laptop, etc; Lightweight; Waterproof; Comfortable to carry everywhere you want;Gift for Women; Rakhi Gift for Sisters; Gift for Sister; Gift for Wife; College Bags for Women; College Bag for for Girls; Office Bags for Women;    3 way Carry : You can carry it as a single Shoulder Bag or Back Bag or Tote Purse as there is a removable short shoulder strap; Convertible; Small Travel Purse for Women; Bagpack for Girls; Bagpack for Women; Backpack Purses for Women;    Made in India ; Color Olive Green; Opal Black; Tan Brown; Coffee Brown; Grey; Blue; Wine;Blush Pink; Bags for girls, Bags for Women; Rakhi Gift for Sisters; Gifts for women; 13 Inch Laptop bag for women ; Stylish bagpack; Office Bags for Women;   ,B08329R8BK,VISMIINTREND Store,Description not Found,
VISMIINTREND Fashion Leather Backpack Handbags Purse Bags with Shoulder Belt for Women and Girls | Travel | Back | College | Work | Gift | 13.5 Inch Laptop Bag | Rakhi Gifts for Sisters | Wife,  Care Instructions: Wipe with Damp Cloth    Fashion Backpacks for Women/Girls : Vismiintrend Backpack Handbags for Women is made of high quality water resistant soft PU leather, metal accessories and fabric lining, which is luxurious in looks and durable; Bags for Women; Bags for Girls;    Vegan Leather Bags for Women/Girl : Back Zipper Closure, Anti-theft pocket, Water resistant Backpack; 1 main zipper compartment with 1 interior zipper pocket and 1 interior slot pockets, 2 side pockets and 1 front zipper pocket; earphone hole for easy use; Perfect for casual; travel, shopping, tuition, college bags for girls; work bag for women;    Size: : 29 x (W) 11 x (H) 30 CM, 450 Grams.Fits Daily Essentials like Lunch Box, Wallet, Mobile, Umbrella, Water Bottle, Cosmetics, Books, 13.5 inch Laptop, etc; Lightweight; Waterproof; Comfortable to carry everywhere you want;Gift for Women; Rakhi Gift for Sisters; Gift for Sister; Gift for Wife; College Bags for Women; College Bag for for Girls; Office Bags for Women;    3 way Carry : You can carry it as a single Shoulder Bag or Back Bag or Tote Purse as there is a removable short shoulder strap; Convertible; Small Travel Purse for Women; Bagpack for Girls; Bagpack for Women; Backpack Purses for Women;    Made in India ; Color Olive Green; Opal Black; Tan Brown; Coffee Brown; Grey; Blue; Wine;Blush Pink; Bags for girls, Bags for Women; Rakhi Gift for Sisters; Gifts for women; 13 Inch Laptop bag for women ; Stylish bagpack; Office Bags for Women;   ,B08329R8BK,VISMIINTREND Store,Description not Found,
VISMIINTREND Fashion Leather Backpack Handbags Purse Bags with Shoulder Belt for Women and Girls | Travel | Back | College | Work | Gift | 13.5 Inch Laptop Bag | Rakhi Gifts for Sisters | Wife,  Care Instructions: Wipe with Damp Cloth    Fashion Backpacks for Women/Girls : Vismiintrend Backpack Handbags for Women is made of high quality water resistant soft PU leather, metal accessories and fabric lining, which is luxurious in looks and durable; Bags for Women; Bags for Girls;    Vegan Leather Bags for Women/Girl : Back Zipper Closure, Anti-theft pocket, Water resistant Backpack; 1 main zipper compartment with 1 interior zipper pocket and 1 interior slot pockets, 2 side pockets and 1 front zipper pocket; earphone hole for easy use; Perfect for casual; travel, shopping, tuition, college bags for girls; work bag for women;    Size: : 29 x (W) 11 x (H) 30 CM, 450 Grams.Fits Daily Essentials like Lunch Box, Wallet, Mobile, Umbrella, Water Bottle, Cosmetics, Books, 13.5 inch Laptop, etc; Lightweight; Waterproof; Comfortable to carry everywhere you want;Gift for Women; Rakhi Gift for Sisters; Gift for Sister; Gift for Wife; College Bags for Women; College Bag for for Girls; Office Bags for Women;    3 way Carry : You can carry it as a single Shoulder Bag or Back Bag or Tote Purse as there is a removable short shoulder strap; Convertible; Small Travel Purse for Women; Bagpack for Girls; Bagpack for Women; Backpack Purses for Women;    Made in India ; Color Olive Green; Opal Black; Tan Brown; Coffee Brown; Grey; Blue; Wine;Blush Pink; Bags for girls, Bags for Women; Rakhi Gift for Sisters; Gifts for women; 13 Inch Laptop bag for women ; Stylish bagpack; Office Bags for Women;   ,B08329R8BK,VISMIINTREND Store,Description not Found,
VISMIINTREND Fashion Leather Backpack Handbags Purse Bags with Shoulder Belt for Women and Girls | Travel | Back | College | Work | Gift | 13.5 Inch Laptop Bag | Rakhi Gifts for Sisters | Wife,  Care Instructions: Wipe with Damp Cloth    Fashion Backpacks for Women/Girls : Vismiintrend Backpack Handbags for Women is made of high quality water resistant soft PU leather, metal accessories and fabric lining, which is luxurious in looks and durable; Bags for Women; Bags for Girls;    Vegan Leather Bags for Women/Girl : Back Zipper Closure, Anti-theft pocket, Water resistant Backpack; 1 main zipper compartment with 1 interior zipper pocket and 1 interior slot pockets, 2 side pockets and 1 front zipper pocket; earphone hole for easy use; Perfect for casual; travel, shopping, tuition, college bags for girls; work bag for women;    Size: : 29 x (W) 11 x (H) 30 CM, 450 Grams.Fits Daily Essentials like Lunch Box, Wallet, Mobile, Umbrella, Water Bottle, Cosmetics, Books, 13.5 inch Laptop, etc; Lightweight; Waterproof; Comfortable to carry everywhere you want;Gift for Women; Rakhi Gift for Sisters; Gift for Sister; Gift for Wife; College Bags for Women; College Bag for for Girls; Office Bags for Women;    3 way Carry : You can carry it as a single Shoulder Bag or Back Bag or Tote Purse as there is a removable short shoulder strap; Convertible; Small Travel Purse for Women; Bagpack for Girls; Bagpack for Women; Backpack Purses for Women;    Made in India ; Color Olive Green; Opal Black; Tan Brown; Coffee Brown; Grey; Blue; Wine;Blush Pink; Bags for girls, Bags for Women; Rakhi Gift for Sisters; Gifts for women; 13 Inch Laptop bag for women ; Stylish bagpack; Office Bags for Women;   ,B08329R8BK,VISMIINTREND Store,Description not Found,
VISMIINTREND Fashion Leather Backpack Handbags Purse Bags with Shoulder Belt for Women and Girls | Travel | Back | College | Work | Gift | 13.5 Inch Laptop Bag | Rakhi Gifts for Sisters | Wife,  Care Instructions: Wipe with Damp Cloth    Fashion Backpacks for Women/Girls : Vismiintrend Backpack Handbags for Women is made of high quality water resistant soft PU leather, metal accessories and fabric lining, which is luxurious in looks and durable; Bags for Women; Bags for Girls;    Vegan Leather Bags for Women/Girl : Back Zipper Closure, Anti-theft pocket, Water resistant Backpack; 1 main zipper compartment with 1 interior zipper pocket and 1 interior slot pockets, 2 side pockets and 1 front zipper pocket; earphone hole for easy use; Perfect for casual; travel, shopping, tuition, college bags for girls; work bag for women;    Size: : 29 x (W) 11 x (H) 30 CM, 450 Grams.Fits Daily Essentials like Lunch Box, Wallet, Mobile, Umbrella, Water Bottle, Cosmetics, Books, 13.5 inch Laptop, etc; Lightweight; Waterproof; Comfortable to carry everywhere you want;Gift for Women; Rakhi Gift for Sisters; Gift for Sister; Gift for Wife; College Bags for Women; College Bag for for Girls; Office Bags for Women;    3 way Carry : You can carry it as a single Shoulder Bag or Back Bag or Tote Purse as there is a removable short shoulder strap; Convertible; Small Travel Purse for Women; Bagpack for Girls; Bagpack for Women; Backpack Purses for Women;    Made in India ; Color Olive Green; Opal Black; Tan Brown; Coffee Brown; Grey; Blue; Wine;Blush Pink; Bags for girls, Bags for Women; Rakhi Gift for Sisters; Gifts for women; 13 Inch Laptop bag for women ; Stylish bagpack; Office Bags for Women;   ,B08329R8BK,VISMIINTREND Store,Description not Found,
VISMIINTREND Fashion Leather Backpack Handbags Purse Bags with Shoulder Belt for Women and Girls | Travel | Back | College | Work | Gift | 13.5 Inch Laptop Bag | Rakhi Gifts for Sisters | Wife,  Care Instructions: Wipe with Damp Cloth    Fashion Backpacks for Women/Girls : Vismiintrend Backpack Handbags for Women is made of high quality water resistant soft PU leather, metal accessories and fabric lining, which is luxurious in looks and durable; Bags for Women; Bags for Girls;    Vegan Leather Bags for Women/Girl : Back Zipper Closure, Anti-theft pocket, Water resistant Backpack; 1 main zipper compartment with 1 interior zipper pocket and 1 interior slot pockets, 2 side pockets and 1 front zipper pocket; earphone hole for easy use; Perfect for casual; travel, shopping, tuition, college bags for girls; work bag for women;    Size: : 29 x (W) 11 x (H) 30 CM, 450 Grams.Fits Daily Essentials like Lunch Box, Wallet, Mobile, Umbrella, Water Bottle, Cosmetics, Books, 13.5 inch Laptop, etc; Lightweight; Waterproof; Comfortable to carry everywhere you want;Gift for Women; Rakhi Gift for Sisters; Gift for Sister; Gift for Wife; College Bags for Women; College Bag for for Girls; Office Bags for Women;    3 way Carry : You can carry it as a single Shoulder Bag or Back Bag or Tote Purse as there is a removable short shoulder strap; Convertible; Small Travel Purse for Women; Bagpack for Girls; Bagpack for Women; Backpack Purses for Women;    Made in India ; Color Olive Green; Opal Black; Tan Brown; Coffee Brown; Grey; Blue; Wine;Blush Pink; Bags for girls, Bags for Women; Rakhi Gift for Sisters; Gifts for women; 13 Inch Laptop bag for women ; Stylish bagpack; Office Bags for Women;   ,B0B2RNKSMG,VISMIINTREND Store,Description not Found,
Skybags Brat Black 46 Cms Casual Backpack,  Care Instructions: Hand Wash Only    Combination of functional & safety features in stylish design, Soft mesh back with 8 mm foam padded 2 Main Compartment, 1 Slip In Pocket inside the bag, Printed Design, Mesh bottle holder on the side,    Water Resistance Level: Not Water Resistant    Size: 35 x 13 x 46 cms   ,B08Z1HHHTD,Skybags Store,Ideal for a college student who does not carry a lot of books or laptop to college. Very stylish, slim and feature loaded Backpack,
Skybags Brat Black 46 Cms Casual Backpack,  Care Instructions: Hand Wash Only    Combination of functional & safety features in stylish design, Soft mesh back with 8 mm foam padded 2 Main Compartment, 1 Slip In Pocket inside the bag, Printed Design, Mesh bottle holder on the side,    Water Resistance Level: Not Water Resistant    Size: 35 x 13 x 46 cms   ,B08Z1HHHTD,Skybags Store,Ideal for a college student who does not carry a lot of books or laptop to college. Very stylish, slim and feature loaded Backpack,
Skybags Brat Black 46 Cms Casual Backpack,  Care Instructions: Hand Wash Only    Combination of functional & safety features in stylish design, Soft mesh back with 8 mm foam padded 2 Main Compartment, 1 Slip In Pocket inside the bag, Printed Design, Mesh bottle holder on the side,    Water Resistance Level: Not Water Resistant    Size: 35 x 13 x 46 cms   ,B08Z1HHHTD,Skybags Store,Ideal for a college student who does not carry a lot of books or laptop to college. Very stylish, slim and feature loaded Backpack,
Skybags Brat Black 46 Cms Casual Backpack,  Care Instructions: Hand Wash Only    Combination of functional & safety features in stylish design, Soft mesh back with 8 mm foam padded 2 Main Compartment, 1 Slip In Pocket inside the bag, Printed Design, Mesh bottle holder on the side,    Water Resistance Level: Not Water Resistant    Size: 35 x 13 x 46 cms   ,B08Z1HHHTD,Skybags Store,Ideal for a college student who does not carry a lot of books or laptop to college. Very stylish, slim and feature loaded Backpack,
Skybags Brat Black 46 Cms Casual Backpack,  Care Instructions: Hand Wash Only    Combination of functional & safety features in stylish design, Soft mesh back with 8 mm foam padded 2 Main Compartment, 1 Slip In Pocket inside the bag, Printed Design, Mesh bottle holder on the side,    Water Resistance Level: Not Water Resistant    Size: 35 x 13 x 46 cms   ,B08Z1HHHTD,Skybags Store,Ideal for a college student who does not carry a lot of books or laptop to college. Very stylish, slim and feature loaded Backpack,
Skybags Brat Black 46 Cms Casual Backpack,  Care Instructions: Hand Wash Only    Combination of functional & safety features in stylish design, Soft mesh back with 8 mm foam padded 2 Main Compartment, 1 Slip In Pocket inside the bag, Printed Design, Mesh bottle holder on the side,    Water Resistance Level: Not Water Resistant    Size: 35 x 13 x 46 cms   ,B08Z1HHHTD,Skybags Store,Ideal for a college student who does not carry a lot of books or laptop to college. Very stylish, slim and feature loaded Backpack,
Skybags Brat Black 46 Cms Casual Backpack,  Care Instructions: Hand Wash Only    Combination of functional & safety features in stylish design, Soft mesh back with 8 mm foam padded 2 Main Compartment, 1 Slip In Pocket inside the bag, Printed Design, Mesh bottle holder on the side,    Water Resistance Level: Not Water Resistant    Size: 35 x 13 x 46 cms   ,B08Z1HHHTD,Skybags Store,Ideal for a college student who does not carry a lot of books or laptop to college. Very stylish, slim and feature loaded Backpack,
Skybags Brat Black 46 Cms Casual Backpack,  Care Instructions: Hand Wash Only    Combination of functional & safety features in stylish design, Soft mesh back with 8 mm foam padded 2 Main Compartment, 1 Slip In Pocket inside the bag, Printed Design, Mesh bottle holder on the side,    Water Resistance Level: Not Water Resistant    Size: 35 x 13 x 46 cms   ,B08Z1HHHTD,Skybags Store,Ideal for a college student who does not carry a lot of books or laptop to college. Very stylish, slim and feature loaded Backpack,
NA,NA,VISMIINTREND Fashion Leather Backpack Handbags Purse Bags with Shoulder Belt for Women and Girls | Travel | Back | College | Work | Gift | 13.5 Inch Laptop Bag | Rakhi Gifts for Sisters | Wife,  Care Instructions: Wipe with Damp Cloth    Fashion Backpacks for Women/Girls : Vismiintrend Backpack Handbags for Women is made of high quality water resistant soft PU leather, metal accessories and fabric lining, which is luxurious in looks and durable; Bags for Women; Bags for Girls;    Vegan Leather Bags for Women/Girl : Back Zipper Closure, Anti-theft pocket, Water resistant Backpack; 1 main zipper compartment with 1 interior zipper pocket and 1 interior slot pockets, 2 side pockets and 1 front zipper pocket; earphone hole for easy use; Perfect for casual; travel, shopping, tuition, college bags for girls; work bag for women;    Size: : 29 x (W) 11 x (H) 30 CM, 450 Grams.Fits Daily Essentials like Lunch Box, Wallet, Mobile, Umbrella, Water Bottle, Cosmetics, Books, 13.5 inch Laptop, etc; Lightweight; Waterproof; Comfortable to carry everywhere you want;Gift for Women; Rakhi Gift for Sisters; Gift for Sister; Gift for Wife; College Bags for Women; College Bag for for Girls; Office Bags for Women;    3 way Carry : You can carry it as a single Shoulder Bag or Back Bag or Tote Purse as there is a removable short shoulder strap; Convertible; Small Travel Purse for Women; Bagpack for Girls; Bagpack for Women; Backpack Purses for Women;    Made in India ; Color Olive Green; Opal Black; Tan Brown; Coffee Brown; Grey; Blue; Wine;Blush Pink; Bags for girls, Bags for Women; Rakhi Gift for Sisters; Gifts for women; 13 Inch Laptop bag for women ; Stylish bagpack; Office Bags for Women;   ,B08329R8BK,VISMIINTREND Store,Description not Found,
VISMIINTREND Fashion Leather Backpack Handbags Purse Bags with Shoulder Belt for Women and Girls | Travel | Back | College | Work | Gift | 13.5 Inch Laptop Bag | Rakhi Gifts for Sisters | Wife,  Care Instructions: Wipe with Damp Cloth    Fashion Backpacks for Women/Girls : Vismiintrend Backpack Handbags for Women is made of high quality water resistant soft PU leather, metal accessories and fabric lining, which is luxurious in looks and durable; Bags for Women; Bags for Girls;    Vegan Leather Bags for Women/Girl : Back Zipper Closure, Anti-theft pocket, Water resistant Backpack; 1 main zipper compartment with 1 interior zipper pocket and 1 interior slot pockets, 2 side pockets and 1 front zipper pocket; earphone hole for easy use; Perfect for casual; travel, shopping, tuition, college bags for girls; work bag for women;    Size: : 29 x (W) 11 x (H) 30 CM, 450 Grams.Fits Daily Essentials like Lunch Box, Wallet, Mobile, Umbrella, Water Bottle, Cosmetics, Books, 13.5 inch Laptop, etc; Lightweight; Waterproof; Comfortable to carry everywhere you want;Gift for Women; Rakhi Gift for Sisters; Gift for Sister; Gift for Wife; College Bags for Women; College Bag for for Girls; Office Bags for Women;    3 way Carry : You can carry it as a single Shoulder Bag or Back Bag or Tote Purse as there is a removable short shoulder strap; Convertible; Small Travel Purse for Women; Bagpack for Girls; Bagpack for Women; Backpack Purses for Women;    Made in India ; Color Olive Green; Opal Black; Tan Brown; Coffee Brown; Grey; Blue; Wine;Blush Pink; Bags for girls, Bags for Women; Rakhi Gift for Sisters; Gifts for women; 13 Inch Laptop bag for women ; Stylish bagpack; Office Bags for Women;   ,B08329R8BK,VISMIINTREND Store,Description not Found,
uppercase Medium 23 Ltrs Tall Boy (14.6 inch) Laptop Backpack 2500EBP1 3x more water resistant sustainable bag with rain proof zippers for Men Women Boys and Girls 750 Days warranty,  Care Instructions: Wipe with Damp Cloth    Handcrafted with care and made up of premium quality robust material, Wrinkle free bag and 3x more water resistant with Rainproof zippers   ,B0B81YTTWS,uppercase Store,,
uppercase Medium 17 Ltrs Vegan Leather (upto 14 inch) Laptop Backpack 2300EBP1 3x more water resistant sustainable bags with rain proof zippers for Men Women Boys and Girls 750 Days warranty,  Care Instructions: Hand Wash Only    Handcrafted with care and made up of premium quality robust material   ,B0B69M182Q,uppercase Store,,
Skybags Brat Black 46 Cms Casual Backpack,  Care Instructions: Hand Wash Only    Combination of functional & safety features in stylish design, Soft mesh back with 8 mm foam padded 2 Main Compartment, 1 Slip In Pocket inside the bag, Printed Design, Mesh bottle holder on the side,    Water Resistance Level: Not Water Resistant    Size: 35 x 13 x 46 cms   ,B08Z1HHHTD,Skybags Store,Ideal for a college student who does not carry a lot of books or laptop to college. Very stylish, slim and feature loaded Backpack,
TRUE HUMAN EMPEROR® Anti-Theft backpack With USB charging Port Laptop bag/Office bag/college bag/travel bag with anti -theft back pocket (LEGEND),  Care Instructions: Hand Wash Only    Ease of Access-Multi purpose pockets Super sorted stuff It has a vibrant and stylish design, along with the added benefit of spacious interiors.    Anti - Theft Pocket-Hidden storage pocket for important documents like passports, tickets, cash while on the go.    Integrated Fast charging port-Unique pre-fitted USB port helps you to easily connect your phone or any other device with your power bank. Charging system for smart devices , with free USB (power bank not included )    Care Instructions: Wipe with Dry Cloth    Superior & Durability: Made of durable and Eco-friendly water resistant oxford textile fabric,which keeps your files and stuffs dry inside. This backpack can hold up to 15.6" laptop from most brands, but it may not be suitable for all brand 15.6". Since there maybe exist slight size difference among different laptop brands.   ,B09QJ7ZF2Y,TRUE HUMAN Store,Description not Found,
American Tourister Fizz Large Size 32 Ltrs Casual Backpack (BLACK),  Laptop Compatibility: No, Strap Type: Adjustable, Trolley Support: No. With Rain Cover : No    Outer Material: Polyester, Color: Black    Water Resistance: Water resistant , not Waterproof    Capacity: 32 liters; Dimensions: 31.5 x 22 x 49.5 Centimeters    Number of Wheels: 0, Number of compartments: 3    Warranty type: Manufacturer; 1 year International warranty valid for 1 year from the original date of    Mesh pockets on both sides to accommodate your sipper or bottle and umbrella    Mesh Padding on back & shoulder strap to provide comfort & better back support   ,B07CJCGM1M,rican Tourister,Description not Found,
Arctic Hunter Hard-Top 15.6" Laptop Bag 21L (Model Secure) Anti-Theft Built-in Combination Lock Waterproof for Office College Men Women,  ORIGINAL ARCTIC HUNTER SECURE Laptop Bag keeps your laptop protected no matter where you go with the water-resistant and scratch-resistant outer layer - it's the perfect choice for any office or college goer    The cushioned laptop compartments provide a secure and comfortable space for your laptop and tablet, making sure your devices are always protected    The built-in anti-theft combination lock is a feature you won't find in just any ordinary backpack, providing you with peace of mind that your valuables are always safe and secure    The trolley sleeve and 180° openable design make the Secure Backpack an ideal choice for both daily commutes and weekend getaways. You'll love how easy it is to access all your essentials, with plenty of space to store clothes and other necessities for short trips    With its durable hard top, you can travel with peace of mind knowing your laptop is protected   ,B09T71WXSF,WALKENT Store,Description not Found,
